Notes,ORG CODE,EMPLOYEE NAME,POSITION TITLE,IPN,PP,SERIES,GD,TARGET GR,OFC,CAT CODE,EOD CIS,ENTER PRES GR,WORK SCHEDULE,ORG_CODE_LEVEL_2_DESCR,ORG_CODE_LEVEL_3_DESCR,ORG_CODE_LEVEL_4_DESCR,ORG_CODE_LEVEL_5_DESCR,CITY_NAME,STATE_NAME
CLP eligible 10/18/2026 - did reach FPL,CI1740010005000000,CARTER AMANDA,,,,,,,,,,2024-11-05,,,,,,,
CLP eligible 10/18/2026 - did reach FPL,CI1740010005000000,LEWIS MEGAN,,,,,,,,,,2025-05-11,,,,,,,
,CI1740010005000000,PEREZ NATALIE,,,,,,,,,,2024-10-19,,,,,,,
CLP eligible 4/15/2026 - did reach FPL,CI1740010005000000,WOOD ASHLEY,,,,,,,,,,2024-12-02,,,,,,,
CLP eligible 10/18/2026 - did reach FPL,CI1740010005000000,PERRY VICTORIA,,,,,,,,,,2024-10-22,,,,,,,
CLP eligible 10/18/2026 - did reach FPL,CI1740010005000000,WASHINGTON SIERRA,,,,,,,,,,2025-07-10,,,,,,,
CLP eligible 4/18/2026 - did reach FPL,CI1740010005000000,ALEXANDER RITA,,,,,,,,,,2025-01-03,,,,,,,
CLP eligible 10/18/2026 - did reach FPL,CI1740010005000000,FORD LINDA,,,,,,,,,,2024-10-07,,,,,,,
,CI1740010005000000,COOK ALICIA,,,,,,,,,,2025-03-21,,,,,,,
CLP eligible 6/18/2026 - did reach FPL,CI1740010005000000,SPENCER LOGAN,,,,,,,,,,2025-07-18,,,,,,,
CLP eligible 10/18/2026 - did reach FPL,CI1740010005000000,MASON TRAVIS,,,,,,,,,,2025-09-08,,,,,,,
CLP eligible 5/18/2026 - did reach FPL,CI1740010005000000,FRANKLIN SPENCER,,,,,,,,,,2024-11-24,,,,,,,
CLP eligible 10/18/2026 - did reach FPL,CI1740010005000000,REYNOLDS HAILEY,,,,,,,,,,2025-06-15,,,,,,,
CLP eligible 10/18/2026 - did reach FPL,CI1740010005000000,SOTO MIRIAM,,,,,,,,,,2024-10-28,,,,,,,
CLP eligible 10/18/2026 - did reach FPL,CI1740010005000000,SHERMAN LANCE,,,,,,,,,,2025-07-03,,,,,,,
